<metadata xml:lang="en"><Esri><CreaDate>20190131</CreaDate><CreaTime>15424100</CreaTime><SyncOnce>FALSE</SyncOnce><SyncDate>20190131</SyncDate><SyncTime>15424300</SyncTime><ModDate>20190131</ModDate><ModTime>15424300</ModTime><DataProperties><lineage><Process ToolSource="C:\ESRI\ArcGIS\ArcToolbox\Toolboxes\Conversion Tools.tbx\FeatureClassToFeatureClass" Date="20110506" Time="100441">FeatureClassToFeatureClass J:\GISWorkspace\CoastMarine\GISData\Geodatabase\MARINE_PARKS_ZONING\LAG5_Mtg_Outcomes\LAG5_Outcomes.gdb\LAG5_Advice_MP18 J:\GISWorkspace\CoastMarine\GISData\Geodatabase\MARINE_PARKS_ZONING\LAG5_Mtg_Outcomes\LAG5_Outcomes.gdb LAG5_Advice_Blank ""RESNAME" &lt;&gt; 'Upper South East'" "RESNAME 'RESNAME' true true false 50 Text 0 0 ,First,#,J:\GISWorkspace\CoastMarine\GISData\Geodatabase\MARINE_PARKS_ZONING\LAG5_Mtg_Outcomes\LAG5_Outcomes.gdb\LAG5_Advice_MP18,RESNAME,-1,-1;RESTYPE 'RESTYPE' true true false 2 Text 0 0 ,First,#,J:\GISWorkspace\CoastMarine\GISData\Geodatabase\MARINE_PARKS_ZONING\LAG5_Mtg_Outcomes\LAG5_Outcomes.gdb\LAG5_Advice_MP18,RESTYPE,-1,-1;RES_NUM 'RES_NUM' true true false 2 Short 0 0 ,First,#,J:\GISWorkspace\CoastMarine\GISData\Geodatabase\MARINE_PARKS_ZONING\LAG5_Mtg_Outcomes\LAG5_Outcomes.gdb\LAG5_Advice_MP18,RES_NUM,-1,-1;ZONE_TYPE 'ZONE_TYPE' true true false 5 Text 0 0 ,First,#,J:\GISWorkspace\CoastMarine\GISData\Geodatabase\MARINE_PARKS_ZONING\LAG5_Mtg_Outcomes\LAG5_Outcomes.gdb\LAG5_Advice_MP18,ZONE_TYPE,-1,-1;ZONE_CODE 'ZONE_CODE' true true false 2 Text 0 0 ,First,#,J:\GISWorkspace\CoastMarine\GISData\Geodatabase\MARINE_PARKS_ZONING\LAG5_Mtg_Outcomes\LAG5_Outcomes.gdb\LAG5_Advice_MP18,ZONE_CODE,-1,-1;COMMENT_CODE 'COMMENT_CODE' true true false 3 Text 0 0 ,First,#,J:\GISWorkspace\CoastMarine\GISData\Geodatabase\MARINE_PARKS_ZONING\LAG5_Mtg_Outcomes\LAG5_Outcomes.gdb\LAG5_Advice_MP18,COMMENT_CODE,-1,-1;COMMENT 'COMMENT' true true false 250 Text 0 0 ,First,#,J:\GISWorkspace\CoastMarine\GISData\Geodatabase\MARINE_PARKS_ZONING\LAG5_Mtg_Outcomes\LAG5_Outcomes.gdb\LAG5_Advice_MP18,COMMENT,-1,-1;ADVICE 'ADVICE' true true false 4 Long 0 0 ,First,#,J:\GISWorkspace\CoastMarine\GISData\Geodatabase\MARINE_PARKS_ZONING\LAG5_Mtg_Outcomes\LAG5_Outcomes.gdb\LAG5_Advice_MP18,ADVICE,-1,-1;MPLAG_OUTCOME 'MPLAG OUTCOME' true true false 20 Text 0 0 ,First,#,J:\GISWorkspace\CoastMarine\GISData\Geodatabase\MARINE_PARKS_ZONING\LAG5_Mtg_Outcomes\LAG5_Outcomes.gdb\LAG5_Advice_MP18,MPLAG_OUTCOME,-1,-1;MEETING_DATE 'MEETING DATE' true true false 8 Date 0 0 ,First,#,J:\GISWorkspace\CoastMarine\GISData\Geodatabase\MARINE_PARKS_ZONING\LAG5_Mtg_Outcomes\LAG5_Outcomes.gdb\LAG5_Advice_MP18,MEETING_DATE,-1,-1;Source 'Source' true true false 50 Text 0 0 ,First,#,J:\GISWorkspace\CoastMarine\GISData\Geodatabase\MARINE_PARKS_ZONING\LAG5_Mtg_Outcomes\LAG5_Outcomes.gdb\LAG5_Advice_MP18,Source,-1,-1;SHAPE_Length 'SHAPE_Length' false true true 8 Double 0 0 ,First,#,J:\GISWorkspace\CoastMarine\GISData\Geodatabase\MARINE_PARKS_ZONING\LAG5_Mtg_Outcomes\LAG5_Outcomes.gdb\LAG5_Advice_MP18,SHAPE_Length,-1,-1;SHAPE_Area 'SHAPE_Area' false true true 8 Double 0 0 ,First,#,J:\GISWorkspace\CoastMarine\GISData\Geodatabase\MARINE_PARKS_ZONING\LAG5_Mtg_Outcomes\LAG5_Outcomes.gdb\LAG5_Advice_MP18,SHAPE_Area,-1,-1;COMMENT2 'COMMENT2' true true false 250 Text 0 0 ,First,#,J:\GISWorkspace\CoastMarine\GISData\Geodatabase\MARINE_PARKS_ZONING\LAG5_Mtg_Outcomes\LAG5_Outcomes.gdb\LAG5_Advice_MP18,COMMENT2,-1,-1" # J:\GISWorkspace\CoastMarine\GISData\Geodatabase\MARINE_PARKS_ZONING\LAG5_Mtg_Outcomes\LAG5_Outcomes.gdb\LAG5_Advice_Blank</Process><Process ToolSource="C:\ESRI\ArcGIS\ArcToolbox\Toolboxes\Data Management Tools.tbx\CopyFeatures" Date="20120209" Time="163211">CopyFeatures J:\GISWorkspace\CoastMarine\GISData\Geodatabase\MARINE_PARKS_ZONING\Zoning_2011\Zoning_Outcomes\LAG5_Outcomes.gdb\LAG5_Advice_Network J:\GISWorkspace\CoastMarine\GISData\Geodatabase\MARINE_PARKS_ZONING\Zoning_Historical\LAG_Advice.gdb\LAG5_Advice_Network # 0 0 0</Process><Process ToolSource="C:\ESRI\ArcGIS\ArcToolbox\Toolboxes\Conversion Tools.tbx\FeatureClassToFeatureClass" Date="20120423" Time="112041">FeatureClassToFeatureClass J:\GISWorkspace\CoastMarine\GISData\Geodatabase\MARINE_PARKS_ZONING\Zoning_2012\MarineParkDraftZoning.gdb\MarineParkDraftZoning J:\GISWorkspace\CoastMarine\GISData\Geodatabase\MARINE_PARKS_ZONING\Zoning_2012\Zoning_Edit.gdb\DraftZoning_Lambert StakeholderWorkshop_20120423 # "RESNAME 'RESNAME' true true false 50 Text 0 0 ,First,#,J:\GISWorkspace\CoastMarine\GISData\Geodatabase\MARINE_PARKS_ZONING\Zoning_2012\MarineParkDraftZoning.gdb\MarineParkDraftZoning,RESNAME,-1,-1;RESTYPE 'RESTYPE' true true false 2 Text 0 0 ,First,#,J:\GISWorkspace\CoastMarine\GISData\Geodatabase\MARINE_PARKS_ZONING\Zoning_2012\MarineParkDraftZoning.gdb\MarineParkDraftZoning,RESTYPE,-1,-1;RES_NUM 'RES_NUM' true true false 2 Short 0 0 ,First,#,J:\GISWorkspace\CoastMarine\GISData\Geodatabase\MARINE_PARKS_ZONING\Zoning_2012\MarineParkDraftZoning.gdb\MarineParkDraftZoning,RES_NUM,-1,-1;ZONE_TYPE 'ZONE_TYPE' true true false 5 Text 0 0 ,First,#,J:\GISWorkspace\CoastMarine\GISData\Geodatabase\MARINE_PARKS_ZONING\Zoning_2012\MarineParkDraftZoning.gdb\MarineParkDraftZoning,ZONE_TYPE,-1,-1;ZONE_CODE 'ZONE_CODE' true true false 2 Text 0 0 ,First,#,J:\GISWorkspace\CoastMarine\GISData\Geodatabase\MARINE_PARKS_ZONING\Zoning_2012\MarineParkDraftZoning.gdb\MarineParkDraftZoning,ZONE_CODE,-1,-1;COMMENT_CODE 'COMMENT_CODE' true true false 3 Text 0 0 ,First,#,J:\GISWorkspace\CoastMarine\GISData\Geodatabase\MARINE_PARKS_ZONING\Zoning_2012\MarineParkDraftZoning.gdb\MarineParkDraftZoning,COMMENT_CODE,-1,-1;MPLAG_OUTCOME 'MPLAG OUTCOME' true true false 20 Text 0 0 ,First,#,J:\GISWorkspace\CoastMarine\GISData\Geodatabase\MARINE_PARKS_ZONING\Zoning_2012\MarineParkDraftZoning.gdb\MarineParkDraftZoning,MPLAG_OUTCOME,-1,-1;MEETING_DATE 'MEETING DATE' true true false 8 Date 0 0 ,First,#,J:\GISWorkspace\CoastMarine\GISData\Geodatabase\MARINE_PARKS_ZONING\Zoning_2012\MarineParkDraftZoning.gdb\MarineParkDraftZoning,MEETING_DATE,-1,-1;Source 'Source' true true false 50 Text 0 0 ,First,#,J:\GISWorkspace\CoastMarine\GISData\Geodatabase\MARINE_PARKS_ZONING\Zoning_2012\MarineParkDraftZoning.gdb\MarineParkDraftZoning,Source,-1,-1;COMMENT 'COMMENT' true true false 250 Text 0 0 ,First,#,J:\GISWorkspace\CoastMarine\GISData\Geodatabase\MARINE_PARKS_ZONING\Zoning_2012\MarineParkDraftZoning.gdb\MarineParkDraftZoning,COMMENT,-1,-1;COMMENT2 'COMMENT2' true true false 250 Text 0 0 ,First,#,J:\GISWorkspace\CoastMarine\GISData\Geodatabase\MARINE_PARKS_ZONING\Zoning_2012\MarineParkDraftZoning.gdb\MarineParkDraftZoning,COMMENT2,-1,-1;UNIQUE_ID 'UNIQUE_ID' true true false 2 Short 0 0 ,First,#,J:\GISWorkspace\CoastMarine\GISData\Geodatabase\MARINE_PARKS_ZONING\Zoning_2012\MarineParkDraftZoning.gdb\MarineParkDraftZoning,UNIQUE_ID,-1,-1;ZONE_TYPCODE 'ZONE_TYPCODE' true true false 10 Text 0 0 ,First,#,J:\GISWorkspace\CoastMarine\GISData\Geodatabase\MARINE_PARKS_ZONING\Zoning_2012\MarineParkDraftZoning.gdb\MarineParkDraftZoning,ZONE_TYPCODE,-1,-1;Shape_Length 'Shape_Length' false true true 8 Double 0 0 ,First,#,J:\GISWorkspace\CoastMarine\GISData\Geodatabase\MARINE_PARKS_ZONING\Zoning_2012\MarineParkDraftZoning.gdb\MarineParkDraftZoning,Shape_Length,-1,-1;Shape_Area 'Shape_Area' false true true 8 Double 0 0 ,First,#,J:\GISWorkspace\CoastMarine\GISData\Geodatabase\MARINE_PARKS_ZONING\Zoning_2012\MarineParkDraftZoning.gdb\MarineParkDraftZoning,Shape_Area,-1,-1" # J:\GISWorkspace\CoastMarine\GISData\Geodatabase\MARINE_PARKS_ZONING\Zoning_2012\Zoning_Edit.gdb\DraftZoning_Lambert\StakeholderWorkshop_20120423</Process><Process ToolSource="C:\ESRI\ArcGIS\ArcToolbox\Toolboxes\Conversion Tools.tbx\FeatureClassToFeatureClass" Date="20120423" Time="134014">FeatureClassToFeatureClass J:\GISWorkspace\CoastMarine\GISData\Geodatabase\MARINE_PARKS_ZONING\Zoning_2012\Zoning_Edit.gdb\DraftZoning_Geographic\StakeholderWkshop_Geo_20120423_v2 J:\GISWorkspace\CoastMarine\GISData\Geodatabase\MARINE_PARKS_ZONING\Zoning_2012\Zoning_Edit.gdb\DraftZoning_Lambert StakeholderWkshop_20120423_withtopo2 # "RESNAME 'RESNAME' true true false 50 Text 0 0 ,First,#,J:\GISWorkspace\CoastMarine\GISData\Geodatabase\MARINE_PARKS_ZONING\Zoning_2012\Zoning_Edit.gdb\DraftZoning_Geographic\StakeholderWkshop_Geo_20120423_v2,RESNAME,-1,-1;RESTYPE 'RESTYPE' true true false 2 Text 0 0 ,First,#,J:\GISWorkspace\CoastMarine\GISData\Geodatabase\MARINE_PARKS_ZONING\Zoning_2012\Zoning_Edit.gdb\DraftZoning_Geographic\StakeholderWkshop_Geo_20120423_v2,RESTYPE,-1,-1;RES_NUM 'RES_NUM' true true false 2 Short 0 0 ,First,#,J:\GISWorkspace\CoastMarine\GISData\Geodatabase\MARINE_PARKS_ZONING\Zoning_2012\Zoning_Edit.gdb\DraftZoning_Geographic\StakeholderWkshop_Geo_20120423_v2,RES_NUM,-1,-1;ZONE_TYPE 'ZONE_TYPE' true true false 5 Text 0 0 ,First,#,J:\GISWorkspace\CoastMarine\GISData\Geodatabase\MARINE_PARKS_ZONING\Zoning_2012\Zoning_Edit.gdb\DraftZoning_Geographic\StakeholderWkshop_Geo_20120423_v2,ZONE_TYPE,-1,-1;ZONE_CODE 'ZONE_CODE' true true false 2 Text 0 0 ,First,#,J:\GISWorkspace\CoastMarine\GISData\Geodatabase\MARINE_PARKS_ZONING\Zoning_2012\Zoning_Edit.gdb\DraftZoning_Geographic\StakeholderWkshop_Geo_20120423_v2,ZONE_CODE,-1,-1;COMMENT_CODE 'COMMENT_CODE' true true false 3 Text 0 0 ,First,#,J:\GISWorkspace\CoastMarine\GISData\Geodatabase\MARINE_PARKS_ZONING\Zoning_2012\Zoning_Edit.gdb\DraftZoning_Geographic\StakeholderWkshop_Geo_20120423_v2,COMMENT_CODE,-1,-1;MPLAG_OUTCOME 'MPLAG OUTCOME' true true false 20 Text 0 0 ,First,#,J:\GISWorkspace\CoastMarine\GISData\Geodatabase\MARINE_PARKS_ZONING\Zoning_2012\Zoning_Edit.gdb\DraftZoning_Geographic\StakeholderWkshop_Geo_20120423_v2,MPLAG_OUTCOME,-1,-1;MEETING_DATE 'MEETING DATE' true true false 8 Date 0 0 ,First,#,J:\GISWorkspace\CoastMarine\GISData\Geodatabase\MARINE_PARKS_ZONING\Zoning_2012\Zoning_Edit.gdb\DraftZoning_Geographic\StakeholderWkshop_Geo_20120423_v2,MEETING_DATE,-1,-1;Source 'Source' true true false 50 Text 0 0 ,First,#,J:\GISWorkspace\CoastMarine\GISData\Geodatabase\MARINE_PARKS_ZONING\Zoning_2012\Zoning_Edit.gdb\DraftZoning_Geographic\StakeholderWkshop_Geo_20120423_v2,Source,-1,-1;COMMENT 'COMMENT' true true false 250 Text 0 0 ,First,#,J:\GISWorkspace\CoastMarine\GISData\Geodatabase\MARINE_PARKS_ZONING\Zoning_2012\Zoning_Edit.gdb\DraftZoning_Geographic\StakeholderWkshop_Geo_20120423_v2,COMMENT,-1,-1;COMMENT2 'COMMENT2' true true false 250 Text 0 0 ,First,#,J:\GISWorkspace\CoastMarine\GISData\Geodatabase\MARINE_PARKS_ZONING\Zoning_2012\Zoning_Edit.gdb\DraftZoning_Geographic\StakeholderWkshop_Geo_20120423_v2,COMMENT2,-1,-1;UNIQUE_ID 'UNIQUE_ID' true true false 2 Short 0 0 ,First,#,J:\GISWorkspace\CoastMarine\GISData\Geodatabase\MARINE_PARKS_ZONING\Zoning_2012\Zoning_Edit.gdb\DraftZoning_Geographic\StakeholderWkshop_Geo_20120423_v2,UNIQUE_ID,-1,-1;ZONE_TYPCODE 'ZONE_TYPCODE' true true false 10 Text 0 0 ,First,#,J:\GISWorkspace\CoastMarine\GISData\Geodatabase\MARINE_PARKS_ZONING\Zoning_2012\Zoning_Edit.gdb\DraftZoning_Geographic\StakeholderWkshop_Geo_20120423_v2,ZONE_TYPCODE,-1,-1;Shape_Length 'Shape_Length' false true true 8 Double 0 0 ,First,#,J:\GISWorkspace\CoastMarine\GISData\Geodatabase\MARINE_PARKS_ZONING\Zoning_2012\Zoning_Edit.gdb\DraftZoning_Geographic\StakeholderWkshop_Geo_20120423_v2,Shape_Length,-1,-1;Shape_Area 'Shape_Area' false true true 8 Double 0 0 ,First,#,J:\GISWorkspace\CoastMarine\GISData\Geodatabase\MARINE_PARKS_ZONING\Zoning_2012\Zoning_Edit.gdb\DraftZoning_Geographic\StakeholderWkshop_Geo_20120423_v2,Shape_Area,-1,-1" # J:\GISWorkspace\CoastMarine\GISData\Geodatabase\MARINE_PARKS_ZONING\Zoning_2012\Zoning_Edit.gdb\DraftZoning_Lambert\StakeholderWkshop_20120423_withtopo2</Process><Process ToolSource="C:\ESRI\ArcGIS\ArcToolbox\Toolboxes\Data Management Tools.tbx\FeatureToLine" Date="20120427" Time="160423">FeatureToLine StakeholderWkshop_Geo_20120427_TopoCheck J:\GISWorkspace\CoastMarine\GISData\Geodatabase\MARINE_PARKS_ZONING\Zoning_2012\Zoning_Edit.gdb\DraftZoning_Geographic\Geo_20120427_Feat2Line "0.01 Meters" ATTRIBUTES</Process><Process ToolSource="C:\ESRI\ArcGIS\ArcToolbox\Toolboxes\Data Management Tools.tbx\FeatureVerticesToPoints" Date="20120503" Time="121057">FeatureVerticesToPoints Geo_20120427_Feat2Line J:\GISWorkspace\CoastMarine\GISData\Geodatabase\MARINE_PARKS_ZONING\Zoning_2012\BoundaryDefinition.gdb\BoundaryCoordinates_2012 ALL</Process><Process ToolSource="C:\ESRI\ArcGIS\ArcToolbox\Toolboxes\Conversion Tools.tbx\FeatureClassToFeatureClass" Date="20120807" Time="105527">FeatureClassToFeatureClass J:\GISWorkspace\CoastMarine\GISData\Geodatabase\MARINE_PARKS_ZONING\Zoning_2012\BoundaryDefinition.gdb\BoundaryCoordinates "Database Connections\EgisDATA - PRD - conservation.sde" StateMarineParkNWkDraftZonePnt # "RESNAME 'RESNAME' true true false 50 Text 0 0 ,First,#,J:\GISWorkspace\CoastMarine\GISData\Geodatabase\MARINE_PARKS_ZONING\Zoning_2012\BoundaryDefinition.gdb\BoundaryCoordinates,RESNAME,-1,-1;RESTYPE 'RESTYPE' true true false 2 Text 0 0 ,First,#,J:\GISWorkspace\CoastMarine\GISData\Geodatabase\MARINE_PARKS_ZONING\Zoning_2012\BoundaryDefinition.gdb\BoundaryCoordinates,RESTYPE,-1,-1;RES_NUM 'RES_NUM' true true false 2 Short 0 0 ,First,#,J:\GISWorkspace\CoastMarine\GISData\Geodatabase\MARINE_PARKS_ZONING\Zoning_2012\BoundaryDefinition.gdb\BoundaryCoordinates,RES_NUM,-1,-1;DDM_Long 'DDM_Long' true true false 20 Text 0 0 ,First,#,J:\GISWorkspace\CoastMarine\GISData\Geodatabase\MARINE_PARKS_ZONING\Zoning_2012\BoundaryDefinition.gdb\BoundaryCoordinates,DDM_Long,-1,-1;DDM_Lat 'DDM_Lat' true true false 20 Text 0 0 ,First,#,J:\GISWorkspace\CoastMarine\GISData\Geodatabase\MARINE_PARKS_ZONING\Zoning_2012\BoundaryDefinition.gdb\BoundaryCoordinates,DDM_Lat,-1,-1;BndyDef_Long 'BndyDef_Long' true true false 20 Text 0 0 ,First,#,J:\GISWorkspace\CoastMarine\GISData\Geodatabase\MARINE_PARKS_ZONING\Zoning_2012\BoundaryDefinition.gdb\BoundaryCoordinates,BndyDef_Long,-1,-1;BndyDef_Lat 'BndyDef_Lat' true true false 20 Text 0 0 ,First,#,J:\GISWorkspace\CoastMarine\GISData\Geodatabase\MARINE_PARKS_ZONING\Zoning_2012\BoundaryDefinition.gdb\BoundaryCoordinates,BndyDef_Lat,-1,-1" # "Database Connections\EgisDATA - PRD - conservation.sde\CONSERVATION.StateMarineParkNWkDraftZonePnt"</Process><Process ToolSource="C:\ESRI\ArcGIS\ArcToolbox\Toolboxes\Conversion Tools.tbx\FeatureClassToFeatureClass" Date="20120807" Time="120228">FeatureClassToFeatureClass C:\WorkSpace\Marine_Temp.gdb\StateMarineParkNWkDraftZonePnt "Database Connections\EgisDATA - PRD - conservation.sde" StateMarineParkNWkDraftZonePnt # "RESNAME 'RESNAME' true true false 50 Text 0 0 ,First,#,C:\WorkSpace\Marine_Temp.gdb\StateMarineParkNWkDraftZonePnt,RESNAME,-1,-1;RESTYPE 'RESTYPE' true true false 2 Text 0 0 ,First,#,C:\WorkSpace\Marine_Temp.gdb\StateMarineParkNWkDraftZonePnt,RESTYPE,-1,-1;RES_NUM 'RES_NUM' true true false 2 Short 0 0 ,First,#,C:\WorkSpace\Marine_Temp.gdb\StateMarineParkNWkDraftZonePnt,RES_NUM,-1,-1;DDM_LONG 'DDM_LONG' true true false 20 Text 0 0 ,First,#,C:\WorkSpace\Marine_Temp.gdb\StateMarineParkNWkDraftZonePnt,DDM_LONG,-1,-1;DDM_LAT 'DDM_LAT' true true false 20 Text 0 0 ,First,#,C:\WorkSpace\Marine_Temp.gdb\StateMarineParkNWkDraftZonePnt,DDM_LAT,-1,-1;BNDYDEF_LONG 'BndyDef_Long' true true false 20 Text 0 0 ,First,#,C:\WorkSpace\Marine_Temp.gdb\StateMarineParkNWkDraftZonePnt,BNDYDEF_LONG,-1,-1;BNDYDEF_LAT 'BndyDef_Lat' true true false 20 Text 0 0 ,First,#,C:\WorkSpace\Marine_Temp.gdb\StateMarineParkNWkDraftZonePnt,BNDYDEF_LAT,-1,-1" # "Database Connections\EgisDATA - PRD - conservation.sde\CONSERVATION.StateMarineParkNWkDraftZonePnt"</Process><Process ToolSource="C:\ESRI\ArcGIS\ArcToolbox\Toolboxes\Data Management Tools.tbx\DeleteRows" Date="20121205" Time="115402">DeleteRows "Database Connections\EgisDATA - PRD - conservation.sde\CONSERVATION.StateMarineParkNW_DraftZonePn2" "Database Connections\EgisDATA - PRD - conservation.sde\CONSERVATION.StateMarineParkNW_DraftZonePn2"</Process><Process ToolSource="C:\ESRI\ArcGIS\ArcToolbox\Toolboxes\Data Management Tools.tbx\DeleteRows" Date="20121205" Time="122231">DeleteRows "Database Connections\EgisDATA - PRD - conservation.sde\CONSERVATION.StateMarineParkNW_DraftZonePn2" "Database Connections\EgisDATA - PRD - conservation.sde\CONSERVATION.StateMarineParkNW_DraftZonePn2"</Process><Process ToolSource="C:\ESRI\ArcGIS\ArcToolbox\Toolboxes\Data Management Tools.tbx\DeleteRows" Date="20121214" Time="092850">DeleteRows "Database Connections\EgisDATA - PRD - conservation.sde\CONSERVATION.StateMarineParkNW_ZonePnt" "Database Connections\EgisDATA - PRD - conservation.sde\CONSERVATION.StateMarineParkNW_ZonePnt"</Process><Process Name="Delete Rows" ToolSource="c:\esri\arcgis\desktop10.2\ArcToolbox\Toolboxes\Data Management Tools.tbx\DeleteRows" Date="20131001" Time="163615">DeleteRows "Database Connections\EgisDATA - PRD - conservation.sde\CONSERVATION.StateMarineParkNW_ZonePnt"</Process><Process Name="Append" ToolSource="c:\esri\arcgis\desktop10.2\ArcToolbox\Toolboxes\Data Management Tools.tbx\Append" Date="20131001" Time="163619">Append StateMarineParkNW_ZonePnt_La "Database Connections\EgisDATA - PRD - conservation.sde\CONSERVATION.StateMarineParkNW_ZonePnt" NO_TEST "RESNAME "RESNAME" true true false 50 Text 0 0 ,First,#,D:\Workspace\StateMarinePark_Update.gdb\StateMarineParkNW_ZonePnt,RESNAME,-1,-1;RESTYPE "RESTYPE" true true false 2 Text 0 0 ,First,#,D:\Workspace\StateMarinePark_Update.gdb\StateMarineParkNW_ZonePnt,RESTYPE,-1,-1;RES_NUM "RES_NUM" true true false 2 Short 0 5 ,First,#,D:\Workspace\StateMarinePark_Update.gdb\StateMarineParkNW_ZonePnt,RES_NUM,-1,-1;DDM_LONG "DDM_LONG" true true false 20 Text 0 0 ,First,#,D:\Workspace\StateMarinePark_Update.gdb\StateMarineParkNW_ZonePnt,DDM_LONG,-1,-1;DDM_LAT "DDM_LAT" true true false 20 Text 0 0 ,First,#,D:\Workspace\StateMarinePark_Update.gdb\StateMarineParkNW_ZonePnt,DDM_LAT,-1,-1;BNDYDEF_LONG "BndyDef_Long" true true false 20 Text 0 0 ,First,#,D:\Workspace\StateMarinePark_Update.gdb\StateMarineParkNW_ZonePnt,BNDYDEF_LONG,-1,-1;BNDYDEF_LAT "BndyDef_Lat" true true false 20 Text 0 0 ,First,#,D:\Workspace\StateMarinePark_Update.gdb\StateMarineParkNW_ZonePnt,BNDYDEF_LAT,-1,-1" #</Process><Process Name="Analyze" ToolSource="c:\esri\arcgis\desktop10.2\ArcToolbox\Toolboxes\Data Management Tools.tbx\Analyze" Date="20131001" Time="163621">Analyze "Database Connections\EgisDATA - PRD - conservation.sde\CONSERVATION.StateMarineParkNW_ZonePnt" BUSINESS</Process><Process ToolSource="c:\esri\arcgis\desktop10.2\ArcToolbox\Toolboxes\Conversion Tools.tbx\FeatureClassToFeatureClass" Date="20150306" Time="144449">FeatureClassToFeatureClass "\\Env\gis\GisAdmin\Datamgt\DatabaseConnections\ArcGis10\EgisDATA - PRD - conservation.sde\CONSERVATION.StateMarineParkNW_ZonePnt" "V:\GisAdmin\Datamgt\DatabaseConnections\ArcGis10.2\EgisDATA - PRD - conservation.sde" StateMarineParkNW_ZonePnt # "RESNAME "RESNAME" true true false 50 Text 0 0 ,First,#,\\Env\gis\GisAdmin\Datamgt\DatabaseConnections\ArcGis10\EgisDATA - PRD - conservation.sde\CONSERVATION.StateMarineParkNW_ZonePnt,RESNAME,-1,-1;RESTYPE "RESTYPE" true true false 2 Text 0 0 ,First,#,\\Env\gis\GisAdmin\Datamgt\DatabaseConnections\ArcGis10\EgisDATA - PRD - conservation.sde\CONSERVATION.StateMarineParkNW_ZonePnt,RESTYPE,-1,-1;RES_NUM "RES_NUM" true true false 2 Short 0 5 ,First,#,\\Env\gis\GisAdmin\Datamgt\DatabaseConnections\ArcGis10\EgisDATA - PRD - conservation.sde\CONSERVATION.StateMarineParkNW_ZonePnt,RES_NUM,-1,-1;DDM_LONG "DDM_LONG" true true false 20 Text 0 0 ,First,#,\\Env\gis\GisAdmin\Datamgt\DatabaseConnections\ArcGis10\EgisDATA - PRD - conservation.sde\CONSERVATION.StateMarineParkNW_ZonePnt,DDM_LONG,-1,-1;DDM_LAT "DDM_LAT" true true false 20 Text 0 0 ,First,#,\\Env\gis\GisAdmin\Datamgt\DatabaseConnections\ArcGis10\EgisDATA - PRD - conservation.sde\CONSERVATION.StateMarineParkNW_ZonePnt,DDM_LAT,-1,-1;BNDYDEF_LONG "BndyDef_Long" true true false 20 Text 0 0 ,First,#,\\Env\gis\GisAdmin\Datamgt\DatabaseConnections\ArcGis10\EgisDATA - PRD - conservation.sde\CONSERVATION.StateMarineParkNW_ZonePnt,BNDYDEF_LONG,-1,-1;BNDYDEF_LAT "BndyDef_Lat" true true false 20 Text 0 0 ,First,#,\\Env\gis\GisAdmin\Datamgt\DatabaseConnections\ArcGis10\EgisDATA - PRD - conservation.sde\CONSERVATION.StateMarineParkNW_ZonePnt,BNDYDEF_LAT,-1,-1" #</Process><Process ToolSource="c:\esri\arcgis\desktop10.2\ArcToolbox\Toolboxes\Data Management Tools.tbx\ChangePrivileges" Date="20150306" Time="144452">ChangePrivileges 'V:\GisAdmin\Datamgt\DatabaseConnections\ArcGis10.2\EgisDATA - PRD - conservation.sde\StateMarineParkNW_ZonePnt' env_read GRANT #</Process><Process ToolSource="c:\esri\arcgis\desktop10.2\ArcToolbox\Toolboxes\Data Management Tools.tbx\ChangePrivileges" Date="20150422" Time="114449">ChangePrivileges 'V:\GisAdmin\Datamgt\DatabaseConnections\ArcGis10.2\EgisDATA - PRD - water.sde\WATER.Drillholes';'V:\GisAdmin\Datamgt\DatabaseConnections\ArcGis10.2\EgisDATA - PRD - water.sde\WATER.GW_NETWORKS';'V:\GisAdmin\Datamgt\DatabaseConnections\ArcGis10.2\EgisDATA - PRD - water.sde\WATER.GW_PROJECTS';'V:\GisAdmin\Datamgt\DatabaseConnections\ArcGis10.2\EgisDATA - PRD - water.sde\WATER.Shallow_SWL';'V:\GisAdmin\Datamgt\DatabaseConnections\ArcGis10.2\EgisDATA - PRD - water.sde\WATER.Shallow_TDS';'V:\GisAdmin\Datamgt\DatabaseConnections\ArcGis10.2\EgisDATA - PRD - water.sde\WATER.Stormwater';'V:\GisAdmin\Datamgt\DatabaseConnections\ArcGis10.2\EgisDATA - PRD - water.sde\WATER.Catchments';'V:\GisAdmin\Datamgt\DatabaseConnections\ArcGis10.2\EgisDATA - PRD - water.sde\WATER.Surfacewater_Basins';'V:\GisAdmin\Datamgt\DatabaseConnections\ArcGis10.2\EgisDATA - PRD - topo.sde\TOPO.Buildings';'V:\GisAdmin\Datamgt\DatabaseConnections\ArcGis10.2\EgisDATA - PRD - fauna.sde\FAUNA.RatedBuffers';'V:\GisAdmin\Datamgt\DatabaseConnections\ArcGis10.2\EgisDATA - PRD - fauna.sde\FAUNA.SurveySites';'V:\GisAdmin\Datamgt\DatabaseConnections\ArcGis10.2\EgisDATA - PRD - flora.sde\FLORA.RatedBuffers';'V:\GisAdmin\Datamgt\DatabaseConnections\ArcGis10.2\EgisDATA - PRD - flora.sde\FLORA.SurveySites';'V:\GisAdmin\Datamgt\DatabaseConnections\ArcGis10.2\EgisDATA - PRD - topo.sde\TOPO.EPA_AirQualityMonitoringSites';'V:\GisAdmin\Datamgt\DatabaseConnections\ArcGis10.2\EgisDATA - PRD - admin.sde\ADMIN.AquacultureAustSeaLionExcl';'V:\GisAdmin\Datamgt\DatabaseConnections\ArcGis10.2\EgisDATA - PRD - conservation.sde\CONSERVATION.ArkaroolaProtectionArea';'V:\GisAdmin\Datamgt\DatabaseConnections\ArcGis10.2\EgisDATA - PRD - conservation.sde\CONSERVATION.BiosphereReserves';'V:\GisAdmin\Datamgt\DatabaseConnections\ArcGis10.2\EgisDATA - PRD - topo.sde\TOPO.Coastline';'V:\GisAdmin\Datamgt\DatabaseConnections\ArcGis10.2\EgisDATA - PRD - topo.sde\TOPO.EPA_CollectionDepots';'V:\GisAdmin\Datamgt\DatabaseConnections\ArcGis10.2\EgisDATA - PRD - topo.sde\TOPO.Contours_50k';'V:\GisAdmin\Datamgt\DatabaseConnections\ArcGis10.2\EgisDATA - PRD - topo.sde\TOPO.Contours_10k';'V:\GisAdmin\Datamgt\DatabaseConnections\ArcGis10.2\EgisDATA - PRD - admin.sde\Admin.CrownLandsActReserves';'V:\GisAdmin\Datamgt\DatabaseConnections\ArcGis10.2\EgisDATA - PRD - admin.sde\Admin.CrownLandUnallotted';'V:\GisAdmin\Datamgt\DatabaseConnections\ArcGis10.2\EgisDATA - PRD - admin.sde\Admin.CrownLeasehold';'V:\GisAdmin\Datamgt\DatabaseConnections\ArcGis10.2\EgisDATA - PRD - topo.sde\TOPO.DogFence';'V:\GisAdmin\Datamgt\DatabaseConnections\ArcGis10.2\EgisDATA - PRD - conservation.sde\CONSERVATION.DolphinSanctuary';'V:\GisAdmin\Datamgt\DatabaseConnections\ArcGis10.2\EgisDATA - PRD - dcdb.sde\DCDB.GNAF_SA';'V:\GisAdmin\Datamgt\DatabaseConnections\ArcGis10.2\EgisDATA - PRD - topo.sde\TOPO.EPA_Activities';'V:\GisAdmin\Datamgt\DatabaseConnections\ArcGis10.2\EgisDATA - PRD - conservation.sde\CONSERVATION.NpwsaProperties';'V:\GisAdmin\Datamgt\DatabaseConnections\ArcGis10.2\EgisDATA - PRD - conservation.sde\CONSERVATION.NpwsaReserves';'V:\GisAdmin\Datamgt\DatabaseConnections\ArcGis10.2\EgisDATA - PRD - admin.sde\ADMIN.NrmRegions';'V:\GisAdmin\Datamgt\DatabaseConnections\ArcGis10.2\EgisDATA - PRD - admin.sde\ADMIN.NativeVegetationAct1991';'V:\GisAdmin\Datamgt\DatabaseConnections\ArcGis10.2\EgisDATA - PRD - maps.sde\MAPS.PhotoCentres';'V:\GisAdmin\Datamgt\DatabaseConnections\ArcGis10.2\EgisDATA - PRD - admin.sde\ADMIN.PrescribedSurfaceWaterArea';'V:\GisAdmin\Datamgt\DatabaseConnections\ArcGis10.2\EgisDATA - PRD - admin.sde\ADMIN.PrescribedWaterCourses';'V:\GisAdmin\Datamgt\DatabaseConnections\ArcGis10.2\EgisDATA - PRD - admin.sde\ADMIN.PrescribedWaterResourcesAreas';'V:\GisAdmin\Datamgt\DatabaseConnections\ArcGis10.2\EgisDATA - PRD - admin.sde\ADMIN.PrescribedWellsAreas';'V:\GisAdmin\Datamgt\DatabaseConnections\ArcGis10.2\EgisDATA - PRD - conservation.sde\CONSERVATION.RamsarReserves';'V:\GisAdmin\Datamgt\DatabaseConnections\ArcGis10.2\EgisDATA - PRD - admin.sde\ADMIN.RiverMurrayProtectionArea';'V:\GisAdmin\Datamgt\DatabaseConnections\ArcGis10.2\EgisDATA - PRD - coastal.sde\COASTAL.SaltmarshMangroveHabitats';'V:\GisAdmin\Datamgt\DatabaseConnections\ArcGis10.2\EgisDATA - PRD - topo.sde\TOPO.Shipwrecks';'V:\GisAdmin\Datamgt\DatabaseConnections\ArcGis10.2\EgisDATA - PRD - topo.sde\TOPO.SiteContamination';'V:\GisAdmin\Datamgt\DatabaseConnections\ArcGis10.2\EgisDATA - PRD - landscape.sde\LANDSCAPE.SALAD_Carbonate_Subsoil';'V:\GisAdmin\Datamgt\DatabaseConnections\ArcGis10.2\EgisDATA - PRD - landscape.sde\LANDSCAPE.SALAD_Carbonate_Surface';'V:\GisAdmin\Datamgt\DatabaseConnections\ArcGis10.2\EgisDATA - PRD - landscape.sde\LANDSCAPE.SALAD_Condition_SoilProfile';'V:\GisAdmin\Datamgt\DatabaseConnections\ArcGis10.2\EgisDATA - PRD - landscape.sde\LANDSCAPE.SALAD_Condition_Surface';'V:\GisAdmin\Datamgt\DatabaseConnections\ArcGis10.2\EgisDATA - PRD - landscape.sde\LANDSCAPE.SALAD_Drainage_Deep';'V:\GisAdmin\Datamgt\DatabaseConnections\ArcGis10.2\EgisDATA - PRD - landscape.sde\LANDSCAPE.SALAD_Erosion_Gullying';'V:\GisAdmin\Datamgt\DatabaseConnections\ArcGis10.2\EgisDATA - PRD - landscape.sde\LANDSCAPE.SALAD_Erosion_MassMovement';'V:\GisAdmin\Datamgt\DatabaseConnections\ArcGis10.2\EgisDATA - PRD - landscape.sde\LANDSCAPE.SALAD_Erosion_Scalding';'V:\GisAdmin\Datamgt\DatabaseConnections\ArcGis10.2\EgisDATA - PRD - landscape.sde\LANDSCAPE.SALAD_Erosion_Water';'V:\GisAdmin\Datamgt\DatabaseConnections\ArcGis10.2\EgisDATA - PRD - landscape.sde\LANDSCAPE.SALAD_Erosion_Wind';'V:\GisAdmin\Datamgt\DatabaseConnections\ArcGis10.2\EgisDATA - PRD - landscape.sde\LANDSCAPE.SALAD_Exposure';'V:\GisAdmin\Datamgt\DatabaseConnections\ArcGis10.2\EgisDATA - PRD - landscape.sde\LANDSCAPE.SALAD_Fertility_Inherent';'V:\GisAdmin\Datamgt\DatabaseConnections\ArcGis10.2\EgisDATA - PRD - landscape.sde\LANDSCAPE.SALAD_Flooding';'V:\GisAdmin\Datamgt\DatabaseConnections\ArcGis10.2\EgisDATA - PRD - landscape.sde\LANDSCAPE.SALAD_Hardpan_Depth';'V:\GisAdmin\Datamgt\DatabaseConnections\ArcGis10.2\EgisDATA - PRD - landscape.sde\LANDSCAPE.SALAD_HardRock_Depth';'V:\GisAdmin\Datamgt\DatabaseConnections\ArcGis10.2\EgisDATA - PRD - landscape.sde\LANDSCAPE.SALAD_pH_Acidity';'V:\GisAdmin\Datamgt\DatabaseConnections\ArcGis10.2\EgisDATA - PRD - landscape.sde\LANDSCAPE.SALAD_pH_AcidSulfateSoil';'V:\GisAdmin\Datamgt\DatabaseConnections\ArcGis10.2\EgisDATA - PRD - landscape.sde\LANDSCAPE.SALAD_pH_Alkalinity';'V:\GisAdmin\Datamgt\DatabaseConnections\ArcGis10.2\EgisDATA - PRD - landscape.sde\LANDSCAPE.SALAD_Recharge';'V:\GisAdmin\Datamgt\DatabaseConnections\ArcGis10.2\EgisDATA - PRD - landscape.sde\LANDSCAPE.SALAD_Rockiness';'V:\GisAdmin\Datamgt\DatabaseConnections\ArcGis10.2\EgisDATA - PRD - landscape.sde\LANDSCAPE.SALAD_Rootzone_CropCA';'V:\GisAdmin\Datamgt\DatabaseConnections\ArcGis10.2\EgisDATA - PRD - landscape.sde\LANDSCAPE.SALAD_Rootzone_CropCB';'V:\GisAdmin\Datamgt\DatabaseConnections\ArcGis10.2\EgisDATA - PRD - landscape.sde\LANDSCAPE.SALAD_Rootzone_CropCC';'V:\GisAdmin\Datamgt\DatabaseConnections\ArcGis10.2\EgisDATA - PRD - landscape.sde\LANDSCAPE.SALAD_Rootzone_CropCD';'V:\GisAdmin\Datamgt\DatabaseConnections\ArcGis10.2\EgisDATA - PRD - landscape.sde\LANDSCAPE.SALAD_Rootzone_CropCE';'V:\GisAdmin\Datamgt\DatabaseConnections\ArcGis10.2\EgisDATA - PRD - landscape.sde\LANDSCAPE.SALAD_Salinity_NonWTable';'V:\GisAdmin\Datamgt\DatabaseConnections\ArcGis10.2\EgisDATA - PRD - landscape.sde\LANDSCAPE.SALAD_Salinity_NonWTable_Mg';'V:\GisAdmin\Datamgt\DatabaseConnections\ArcGis10.2\EgisDATA - PRD - landscape.sde\LANDSCAPE.SALAD_Salinity_WTable';'V:\GisAdmin\Datamgt\DatabaseConnections\ArcGis10.2\EgisDATA - PRD - landscape.sde\LANDSCAPE.SALAD_Soil_Group';'V:\GisAdmin\Datamgt\DatabaseConnections\ArcGis10.2\EgisDATA - PRD - landscape.sde\LANDSCAPE.SALAD_Soil_Subgroup';'V:\GisAdmin\Datamgt\DatabaseConnections\ArcGis10.2\EgisDATA - PRD - landscape.sde\LANDSCAPE.SALAD_Soil_Texture';'V:\GisAdmin\Datamgt\DatabaseConnections\ArcGis10.2\EgisDATA - PRD - landscape.sde\LANDSCAPE.SALAD_Structure_Subsoil';'V:\GisAdmin\Datamgt\DatabaseConnections\ArcGis10.2\EgisDATA - PRD - landscape.sde\LANDSCAPE.SALAD_Toxicity_Aluminium';'V:\GisAdmin\Datamgt\DatabaseConnections\ArcGis10.2\EgisDATA - PRD - landscape.sde\LANDSCAPE.SALAD_Toxicity_Boron_Depth';'V:\GisAdmin\Datamgt\DatabaseConnections\ArcGis10.2\EgisDATA - PRD - landscape.sde\LANDSCAPE.SALAD_Toxicity_Boron_Prp';'V:\GisAdmin\Datamgt\DatabaseConnections\ArcGis10.2\EgisDATA - PRD - landscape.sde\LANDSCAPE.SALAD_Toxicity_Sodium_Depth';'V:\GisAdmin\Datamgt\DatabaseConnections\ArcGis10.2\EgisDATA - PRD - landscape.sde\LANDSCAPE.SALAD_Toxicity_Sodium_Prp';'V:\GisAdmin\Datamgt\DatabaseConnections\ArcGis10.2\EgisDATA - PRD - landscape.sde\LANDSCAPE.SALAD_WaterholdingCapacity';'V:\GisAdmin\Datamgt\DatabaseConnections\ArcGis10.2\EgisDATA - PRD - landscape.sde\LANDSCAPE.SALAD_Waterlogging';'V:\GisAdmin\Datamgt\DatabaseConnections\ArcGis10.2\EgisDATA - PRD - landscape.sde\LANDSCAPE.SALAD_WaterRepellence';'V:\GisAdmin\Datamgt\DatabaseConnections\ArcGis10.2\EgisDATA - PRD - landscape.sde\LANDSCAPE.SALAD_Watertable_Depth';'V:\GisAdmin\Datamgt\DatabaseConnections\ArcGis10.2\EgisDATA - PRD - topo.sde\TOPO.SouthAust_arc';'V:\GisAdmin\Datamgt\DatabaseConnections\ArcGis10.2\EgisDATA - PRD - topo.sde\TOPO.SouthAust_SDSI';'V:\GisAdmin\Datamgt\DatabaseConnections\ArcGis10.2\EgisDATA - PRD - topo.sde\TOPO.SpotHeights_10k';'V:\GisAdmin\Datamgt\DatabaseConnections\ArcGis10.2\EgisDATA - PRD - topo.sde\TOPO.SpotHeights_50k';'V:\GisAdmin\Datamgt\DatabaseConnections\ArcGis10.2\EgisDATA - PRD - conservation.sde\CONSERVATION.StateMarineParkNetwork';'V:\GisAdmin\Datamgt\DatabaseConnections\ArcGis10.2\EgisDATA - PRD - conservation.sde\CONSERVATION.StateMarineParkNetworkPoints';'V:\GisAdmin\Datamgt\DatabaseConnections\ArcGis10.2\EgisDATA - PRD - conservation.sde\CONSERVATION.StateMarineParkNW_SpecPurpArea';'V:\GisAdmin\Datamgt\DatabaseConnections\ArcGis10.2\EgisDATA - PRD - conservation.sde\CONSERVATION.StateMarineParkNW_SpecPurpLine';'V:\GisAdmin\Datamgt\DatabaseConnections\ArcGis10.2\EgisDATA - PRD - conservation.sde\CONSERVATION.StateMarineParkNW_ZonePnt';'V:\GisAdmin\Datamgt\DatabaseConnections\ArcGis10.2\EgisDATA - PRD - conservation.sde\CONSERVATION.StateMarineParkNW_Zoning';'V:\GisAdmin\Datamgt\DatabaseConnections\ArcGis10.2\EgisDATA - PRD - veg.sde\VEG.SAVegetation';'V:\GisAdmin\Datamgt\DatabaseConnections\ArcGis10.2\EgisDATA - PRD - veg.sde\VEG.SAVEGETATION_LUT';'V:\GisAdmin\Datamgt\DatabaseConnections\ArcGis10.2\EgisDATA - PRD - veg.sde\VEG.NativeVegetationCover';'V:\GisAdmin\Datamgt\DatabaseConnections\ArcGis10.2\EgisDATA - PRD - conservation.sde\CONSERVATION.VegHeritageAgreements';'V:\GisAdmin\Datamgt\DatabaseConnections\ArcGis10.2\EgisDATA - PRD - topo.sde\TOPO.WaterBodies';'V:\GisAdmin\Datamgt\DatabaseConnections\ArcGis10.2\EgisDATA - PRD - topo.sde\TOPO.WaterCourses';'V:\GisAdmin\Datamgt\DatabaseConnections\ArcGis10.2\EgisDATA - PRD - admin.sde\ADMIN.Rest_NOI';'V:\GisAdmin\Datamgt\DatabaseConnections\ArcGis10.2\EgisDATA - PRD - landscape.sde\LANDSCAPE.Wetlands';'V:\GisAdmin\Datamgt\DatabaseConnections\ArcGis10.2\EgisDATA - PRD - admin.sde\ADMIN.PastoralPaddocks';'V:\GisAdmin\Datamgt\DatabaseConnections\ArcGis10.2\EgisDATA - PRD - admin.sde\ADMIN.PastoralStations';'V:\GisAdmin\Datamgt\DatabaseConnections\ArcGis10.2\EgisDATA - PRD - topo.sde\TOPO.AviationPoints';'V:\GisAdmin\Datamgt\DatabaseConnections\ArcGis10.2\EgisDATA - PRD - topo.sde\TOPO.Aviation';'V:\GisAdmin\Datamgt\DatabaseConnections\ArcGis10.2\EgisDATA - PRD - topo.sde\TOPO.BuildingsPoly';'V:\GisAdmin\Datamgt\DatabaseConnections\ArcGis10.2\EgisDATA - PRD - topo.sde\TOPO.BuiltUpAreas';'V:\GisAdmin\Datamgt\DatabaseConnections\ArcGis10.2\EgisDATA - PRD - topo.sde\TOPO.CulturalLine';'V:\GisAdmin\Datamgt\DatabaseConnections\ArcGis10.2\EgisDATA - PRD - topo.sde\TOPO.CulturalPoint';'V:\GisAdmin\Datamgt\DatabaseConnections\ArcGis10.2\EgisDATA - PRD - topo.sde\TOPO.CulturalPoly';'V:\GisAdmin\Datamgt\DatabaseConnections\ArcGis10.2\EgisDATA - PRD - topo.sde\TOPO.WaterConstruction';'V:\GisAdmin\Datamgt\DatabaseConnections\ArcGis10.2\EgisDATA - PRD - topo.sde\TOPO.WaterConstructionPoint';'V:\GisAdmin\Datamgt\DatabaseConnections\ArcGis10.2\EgisDATA - PRD - topo.sde\TOPO.WaterConstructionPoly';'V:\GisAdmin\Datamgt\DatabaseConnections\ArcGis10.2\EgisDATA - PRD - topo.sde\TOPO.EmergencyServicePlaces';'V:\GisAdmin\Datamgt\DatabaseConnections\ArcGis10.2\EgisDATA - PRD - topo.sde\Topo.FuelPipelines';'V:\GisAdmin\Datamgt\DatabaseConnections\ArcGis10.2\EgisDATA - PRD - topo.sde\TOPO.FuelTanks';'V:\GisAdmin\Datamgt\DatabaseConnections\ArcGis10.2\EgisDATA - PRD - topo.sde\TOPO.IntertidalFlats';'V:\GisAdmin\Datamgt\DatabaseConnections\ArcGis10.2\EgisDATA - PRD - topo.sde\TOPO.LeveeBanks';'V:\GisAdmin\Datamgt\DatabaseConnections\ArcGis10.2\EgisDATA - PRD - topo.sde\TOPO.Locks';'V:\GisAdmin\Datamgt\DatabaseConnections\ArcGis10.2\EgisDATA - PRD - topo.sde\TOPO.Navigation';'V:\GisAdmin\Datamgt\DatabaseConnections\ArcGis10.2\EgisDATA - PRD - veg.sde\VEG.PlantedVegetationCover';'V:\GisAdmin\Datamgt\DatabaseConnections\ArcGis10.2\EgisDATA - PRD - topo.sde\TOPO.Quarries';'V:\GisAdmin\Datamgt\DatabaseConnections\ArcGis10.2\EgisDATA - PRD - topo.sde\TOPO.RaceTracks';'V:\GisAdmin\Datamgt\DatabaseConnections\ArcGis10.2\EgisDATA - PRD - topo.sde\TOPO.RailwaysPoint';'V:\GisAdmin\Datamgt\DatabaseConnections\ArcGis10.2\EgisDATA - PRD - topo.sde\TOPO.RecreationLine';'V:\GisAdmin\Datamgt\DatabaseConnections\ArcGis10.2\EgisDATA - PRD - topo.sde\TOPO.Recreation';'V:\GisAdmin\Datamgt\DatabaseConnections\ArcGis10.2\EgisDATA - PRD - topo.sde\Topo.Reefs';'V:\GisAdmin\Datamgt\DatabaseConnections\ArcGis10.2\EgisDATA - PRD - topo.sde\TOPO.ReefsPoly';'V:\GisAdmin\Datamgt\DatabaseConnections\ArcGis10.2\EgisDATA - PRD - topo.sde\TOPO.SandRidges';'V:\GisAdmin\Datamgt\DatabaseConnections\ArcGis10.2\EgisDATA - PRD - topo.sde\Topo.ShorelineConstruction';'V:\GisAdmin\Datamgt\DatabaseConnections\ArcGis10.2\EgisDATA - PRD - topo.sde\TOPO.ShorelineConstructionPoly';'V:\GisAdmin\Datamgt\DatabaseConnections\ArcGis10.2\EgisDATA - PRD - topo.sde\TOPO.TerrainLine';'V:\GisAdmin\Datamgt\DatabaseConnections\ArcGis10.2\EgisDATA - PRD - topo.sde\TOPO.TerrainPoly';'V:\GisAdmin\Datamgt\DatabaseConnections\ArcGis10.2\EgisDATA - PRD - topo.sde\TOPO.WaterNaturalPoint';'V:\GisAdmin\Datamgt\DatabaseConnections\ArcGis10.2\EgisDATA - PRD - topo.sde\TOPO.WaterPipeline';'V:\GisAdmin\Datamgt\DatabaseConnections\ArcGis10.2\EgisDATA - PRD - topo.sde\TOPO.WaterSourcePoint';'V:\GisAdmin\Datamgt\DatabaseConnections\ArcGis10.2\EgisDATA - PRD - topo.sde\TOPO.WaterSourcePoly';'V:\GisAdmin\Datamgt\DatabaseConnections\ArcGis10.2\EgisDATA - PRD - topo.sde\TOPO.TransInfrastructureLine';'V:\GisAdmin\Datamgt\DatabaseConnections\ArcGis10.2\EgisDATA - PRD - topo.sde\TOPO.TransInfrastructurePoint';'V:\GisAdmin\Datamgt\DatabaseConnections\ArcGis10.2\EgisDATA - PRD - topo.sde\TOPO.WalkingTrails';'V:\GisAdmin\Datamgt\DatabaseConnections\ArcGis10.2\EgisDATA - PRD - topo.sde\TOPO.WasteDisposal';'V:\GisAdmin\Datamgt\DatabaseConnections\ArcGis10.2\EgisDATA - PRD - topo.sde\TOPO.WaterConstructionPoint';'V:\GisAdmin\Datamgt\DatabaseConnections\ArcGis10.2\EgisDATA - PRD - topo.sde\TOPO.WaterConstructionPoly' SAG_READ GRANT AS_IS</Process><Process ToolSource="c:\esri\arcgis\desktop10.2\ArcToolbox\Toolboxes\Data Management Tools.tbx\ChangePrivileges" Date="20151222" Time="153629">ChangePrivileges 'V:\GisAdmin\Datamgt\DatabaseConnections\ArcGis10.2\EgisDATA - PRD - conservation.sde\CONSERVATION.MarineParks_Commonwealth';'V:\GisAdmin\Datamgt\DatabaseConnections\ArcGis10.2\EgisDATA - PRD - conservation.sde\CONSERVATION.NpwsaOutlines';'V:\GisAdmin\Datamgt\DatabaseConnections\ArcGis10.2\EgisDATA - PRD - conservation.sde\CONSERVATION.NpwsaProperties';'V:\GisAdmin\Datamgt\DatabaseConnections\ArcGis10.2\EgisDATA - PRD - conservation.sde\CONSERVATION.NpwsaReserves';'V:\GisAdmin\Datamgt\DatabaseConnections\ArcGis10.2\EgisDATA - PRD - conservation.sde\CONSERVATION.StateMarineParkNetwork';'V:\GisAdmin\Datamgt\DatabaseConnections\ArcGis10.2\EgisDATA - PRD - conservation.sde\CONSERVATION.StateMarineParkNetworkPoints';'V:\GisAdmin\Datamgt\DatabaseConnections\ArcGis10.2\EgisDATA - PRD - conservation.sde\CONSERVATION.StateMarineParkNW_SpecPurpArea';'V:\GisAdmin\Datamgt\DatabaseConnections\ArcGis10.2\EgisDATA - PRD - conservation.sde\CONSERVATION.StateMarineParkNW_SpecPurpLine';'V:\GisAdmin\Datamgt\DatabaseConnections\ArcGis10.2\EgisDATA - PRD - conservation.sde\CONSERVATION.StateMarineParkNW_ZonePnt';'V:\GisAdmin\Datamgt\DatabaseConnections\ArcGis10.2\EgisDATA - PRD - conservation.sde\CONSERVATION.StateMarineParkNW_Zoning';'V:\GisAdmin\Datamgt\DatabaseConnections\ArcGis10.2\EgisDATA - PRD - conservation.sde\CONSERVATION.VegHeritageAgreements' CFS_READ GRANT AS_IS</Process><Process Name="Truncate Table" ToolSource="c:\esri\arcgis\desktop10.2\ArcToolbox\Toolboxes\Data Management Tools.tbx\TruncateTable" Date="20161206" Time="173753">TruncateTable "V:\GisAdmin\Datamgt\DatabaseConnections\ArcGis10.2\EgisDATA - PRD - conservation.sde\CONSERVATION.StateMarineParkNW_ZonePnt"</Process><Process Name="Append" ToolSource="c:\esri\arcgis\desktop10.2\ArcToolbox\Toolboxes\Data Management Tools.tbx\Append" Date="20161206" Time="173754">Append StateMarineParkNW_ZonePnt_La "V:\GisAdmin\Datamgt\DatabaseConnections\ArcGis10.2\EgisDATA - PRD - conservation.sde\CONSERVATION.StateMarineParkNW_ZonePnt" NO_TEST "RESNAME "RESNAME" true true false 50 Text 0 0 ,First,#,StateMarineParkNW_ZonePnt_La,RESNAME,-1,-1;RESTYPE "RESTYPE" true true false 2 Text 0 0 ,First,#,StateMarineParkNW_ZonePnt_La,RESTYPE,-1,-1;RES_NUM "RES_NUM" true true false 2 Short 0 5 ,First,#,StateMarineParkNW_ZonePnt_La,RES_NUM,-1,-1;DDM_LONG "DDM_LONG" true true false 20 Text 0 0 ,First,#,StateMarineParkNW_ZonePnt_La,DDM_LONG,-1,-1;DDM_LAT "DDM_LAT" true true false 20 Text 0 0 ,First,#,StateMarineParkNW_ZonePnt_La,DDM_LAT,-1,-1;BNDYDEF_LONG "BndyDef_Long" true true false 20 Text 0 0 ,First,#,StateMarineParkNW_ZonePnt_La,BNDYDEF_LONG,-1,-1;BNDYDEF_LAT "BndyDef_Lat" true true false 20 Text 0 0 ,First,#,StateMarineParkNW_ZonePnt_La,BNDYDEF_LAT,-1,-1" #</Process><Process ToolSource="c:\program files (x86)\arcgis\desktop10.6\ArcToolbox\Toolboxes\Data Management Tools.tbx\ChangePrivileges" Date="20180827" Time="161551">ChangePrivileges 'V:\GisAdmin\Datamgt\DatabaseConnections\ArcGis10.2\EgisDATA - PRD - conservation.sde\CONSERVATION.NpwsaOutlines';'V:\GisAdmin\Datamgt\DatabaseConnections\ArcGis10.2\EgisDATA - PRD - conservation.sde\CONSERVATION.NpwsaReserves';'V:\GisAdmin\Datamgt\DatabaseConnections\ArcGis10.2\EgisDATA - PRD - conservation.sde\CONSERVATION.NpwsaProperties';'V:\GisAdmin\Datamgt\DatabaseConnections\ArcGis10.2\EgisDATA - PRD - conservation.sde\CONSERVATION.StateMarineParkNetwork';'V:\GisAdmin\Datamgt\DatabaseConnections\ArcGis10.2\EgisDATA - PRD - conservation.sde\CONSERVATION.StateMarineParkNetworkPoints';'V:\GisAdmin\Datamgt\DatabaseConnections\ArcGis10.2\EgisDATA - PRD - conservation.sde\CONSERVATION.StateMarineParkNW_SpecPurpArea';'V:\GisAdmin\Datamgt\DatabaseConnections\ArcGis10.2\EgisDATA - PRD - conservation.sde\CONSERVATION.StateMarineParkNW_SpecPurpLine';'V:\GisAdmin\Datamgt\DatabaseConnections\ArcGis10.2\EgisDATA - PRD - conservation.sde\CONSERVATION.StateMarineParkNW_ZonePnt';'V:\GisAdmin\Datamgt\DatabaseConnections\ArcGis10.2\EgisDATA - PRD - conservation.sde\CONSERVATION.StateMarineParkNW_Zoning';'V:\GisAdmin\Datamgt\DatabaseConnections\ArcGis10.2\EgisDATA - PRD - conservation.sde\CONSERVATION.StateMarinePark1kmCells' CFS_READ REVOKE REVOKE</Process><Process ToolSource="c:\program files (x86)\arcgis\desktop10.6\ArcToolbox\Toolboxes\Data Management Tools.tbx\Project" Date="20190131" Time="154242">Project "\\Env\gis\GisAdmin\Datamgt\DatabaseConnections\ArcGis10.2\EgisDATA - PRD - (sde).sde\CONSERVATION.StateMarineParkNW_ZonePnt" D:\WorkSpace\DEWNRDownload\DEWNRDownload_PRD10.gdb\CONSERVATION_StateMarineParkNW_ZonePnt_GDA94 GEOGCS['GCS_GDA_1994',DATUM['D_GDA_1994',SPHEROID['GRS_1980',6378137.0,298.257222101]],PRIMEM['Greenwich',0.0],UNIT['Degree',0.0174532925199433]] # PROJCS['GDA_1994_South_Australia_Lambert',GEOGCS['GCS_GDA_1994',DATUM['D_GDA_1994',SPHEROID['GRS_1980',6378137.0,298.257222101]],PRIMEM['Greenwich',0.0],UNIT['Degree',0.0174532925199433]],PROJECTION['Lambert_Conformal_Conic'],PARAMETER['False_Easting',1000000.0],PARAMETER['False_Northing',2000000.0],PARAMETER['Central_Meridian',135.0],PARAMETER['Standard_Parallel_1',-28.0],PARAMETER['Standard_Parallel_2',-36.0],PARAMETER['Latitude_Of_Origin',-32.0],UNIT['Meter',1.0]] NO_PRESERVE_SHAPE # NO_VERTICAL</Process><Process ToolSource="c:\program files (x86)\arcgis\desktop10.6\ArcToolbox\Toolboxes\Data Management Tools.tbx\CopyFeatures" Date="20190131" Time="154243">CopyFeatures D:\WorkSpace\DEWNRDownload\DEWNRDownload_PRD10.gdb\CONSERVATION_StateMarineParkNW_ZonePnt_GDA94 D:\WorkSpace\DEWNRDownload\CONSERVATION_StateMarineParkNW_ZonePnt_shp\CONSERVATION_StateMarineParkNW_ZonePnt_GDA94.shp # 0 0 0</Process></lineage><itemProps><itemName Sync="TRUE">CONSERVATION_StateMarineParkNW_ZonePnt_GDA94</itemName><imsContentType Sync="TRUE">002</imsContentType><itemLocation><linkage Sync="TRUE">file://\\ENVIT711869\D$\WorkSpace\DEWNRDownload\CONSERVATION_StateMarineParkNW_ZonePnt_shp\CONSERVATION_StateMarineParkNW_ZonePnt_GDA94.shp</linkage><protocol Sync="TRUE">Local Area Network</protocol></itemLocation><itemSize Sync="TRUE">0.000</itemSize></itemProps><coordRef><type Sync="TRUE">Geographic</type><geogcsn Sync="TRUE">GCS_GDA_1994</geogcsn><csUnits Sync="TRUE">Angular Unit: Degree (0.017453)</csUnits><peXml Sync="TRUE">&lt;GeographicCoordinateSystem xsi:type='typens:GeographicCoordinateSystem' xmlns:xsi='http://www.w3.org/2001/XMLSchema-instance' xmlns:xs='http://www.w3.org/2001/XMLSchema' xmlns:typens='http://www.esri.com/schemas/ArcGIS/10.6'&gt;&lt;WKT&gt;GEOGCS[&amp;quot;GCS_GDA_1994&amp;quot;,DATUM[&amp;quot;D_GDA_1994&amp;quot;,SPHEROID[&amp;quot;GRS_1980&amp;quot;,6378137.0,298.257222101]],PRIMEM[&amp;quot;Greenwich&amp;quot;,0.0],UNIT[&amp;quot;Degree&amp;quot;,0.0174532925199433],AUTHORITY[&amp;quot;EPSG&amp;quot;,4283]]&lt;/WKT&gt;&lt;XOrigin&gt;-400&lt;/XOrigin&gt;&lt;YOrigin&gt;-400&lt;/YOrigin&gt;&lt;XYScale&gt;11258999068426.238&lt;/XYScale&gt;&lt;ZOrigin&gt;-100000&lt;/ZOrigin&gt;&lt;ZScale&gt;10000&lt;/ZScale&gt;&lt;MOrigin&gt;-100000&lt;/MOrigin&gt;&lt;MScale&gt;10000&lt;/MScale&gt;&lt;XYTolerance&gt;8.9831528411952133e-09&lt;/XYTolerance&gt;&lt;ZTolerance&gt;0.001&lt;/ZTolerance&gt;&lt;MTolerance&gt;0.001&lt;/MTolerance&gt;&lt;HighPrecision&gt;true&lt;/HighPrecision&gt;&lt;LeftLongitude&gt;-180&lt;/LeftLongitude&gt;&lt;WKID&gt;4283&lt;/WKID&gt;&lt;LatestWKID&gt;4283&lt;/LatestWKID&gt;&lt;/GeographicCoordinateSystem&gt;</peXml></coordRef></DataProperties><ArcGISFormat>1.0</ArcGISFormat></Esri><idinfo><native Sync="TRUE">Microsoft Windows XP Version 5.1 (Build 2600) Service Pack 3; ESRI ArcCatalog 9.3.1.4000</native><descript><langdata Sync="TRUE">en</langdata><abstract>REQUIRED: A brief narrative summary of the data set.</abstract><purpose>REQUIRED: A summary of the intentions with which the data set was developed.</purpose></descript><citation><citeinfo><origin>REQUIRED: The name of an organization or individual that developed the data set.</origin><pubdate>REQUIRED: The date when the data set is published or otherwise made available for release.</pubdate><title Sync="TRUE">CONSERVATION.StateMarineParkNWkDraftZonePnt</title><ftname Sync="TRUE">CONSERVATION.StateMarineParkNWkDraftZonePnt</ftname><geoform Sync="TRUE">vector digital data</geoform><onlink Sync="TRUE">Server=egisdata.env.sa.gov.au; Service=5152; User=conservation; Version=SDE.DEFAULT</onlink></citeinfo></citation><timeperd><current>REQUIRED: The basis on which the time period of content information is determined.</current><timeinfo><sngdate><caldate>REQUIRED: The year (and optionally month, or month and day) for which the data set corresponds to the ground.</caldate></sngdate></timeinfo></timeperd><status><progress>REQUIRED: The state of the data set.</progress><update>REQUIRED: The frequency with which changes and additions are made to the data set after the initial data set is completed.</update></status><spdom><bounding><westbc Sync="TRUE">128.556690</westbc><eastbc Sync="TRUE">140.946570</eastbc><northbc Sync="TRUE">-31.380861</northbc><southbc Sync="TRUE">-38.193493</southbc></bounding><lboundng><leftbc Sync="TRUE">432917.249000</leftbc><rightbc Sync="TRUE">1523272.065000</rightbc><bottombc Sync="TRUE">1313205.876000</bottombc><topbc Sync="TRUE">2052790.236000</topbc></lboundng></spdom><keywords><theme><themekt>REQUIRED: Reference to a formally registered thesaurus or a similar authoritative source of theme keywords.</themekt><themekey>REQUIRED: Common-use word or phrase used to describe the subject of the data set.</themekey></theme></keywords><accconst>REQUIRED: Restrictions and legal prerequisites for accessing the data set.</accconst><useconst>REQUIRED: Restrictions and legal prerequisites for using the data set after access is granted.</useconst><natvform Sync="TRUE">SDE Feature Class</natvform></idinfo><dataIdInfo><envirDesc Sync="TRUE">Microsoft Windows 7 Version 6.1 (Build 7601) Service Pack 1; Esri ArcGIS 10.6.1.9270</envirDesc><dataLang><languageCode Sync="TRUE" value="eng"></languageCode><countryCode value="AUS" Sync="TRUE"></countryCode></dataLang><idCitation><resTitle Sync="TRUE">CONSERVATION_StateMarineParkNW_ZonePnt_GDA94</resTitle><presForm><PresFormCd Sync="TRUE" value="005"></PresFormCd></presForm></idCitation><dataExt><geoEle><GeoBndBox esriExtentType="native"><westBL Sync="TRUE">432917.249</westBL><eastBL Sync="TRUE">1523272.065</eastBL><northBL Sync="TRUE">2052790.236</northBL><southBL Sync="TRUE">1313205.876</southBL><exTypeCode Sync="TRUE">1</exTypeCode></GeoBndBox></geoEle></dataExt><geoBox esriExtentType="decdegrees"><westBL Sync="TRUE">128.55669</westBL><eastBL Sync="TRUE">140.94657</eastBL><northBL Sync="TRUE">-31.380861</northBL><southBL Sync="TRUE">-38.193493</southBL><exTypeCode Sync="TRUE">1</exTypeCode></geoBox><spatRpType><SpatRepTypCd Sync="TRUE" value="001"></SpatRepTypCd></spatRpType></dataIdInfo><metainfo><langmeta Sync="TRUE">en</langmeta><metstdn Sync="TRUE">FGDC Content Standards for Digital Geospatial Metadata</metstdn><metstdv Sync="TRUE">FGDC-STD-001-1998</metstdv><mettc Sync="TRUE">local time</mettc><metc><cntinfo><cntorgp><cntper>REQUIRED: The person responsible for the metadata information.</cntper><cntorg>REQUIRED: The organization responsible for the metadata information.</cntorg></cntorgp><cntaddr><addrtype>REQUIRED: The mailing and/or physical address for the organization or individual.</addrtype><city>REQUIRED: The city of the address.</city><state>REQUIRED: The state or province of the address.</state><postal>REQUIRED: The ZIP or other postal code of the address.</postal></cntaddr><cntvoice>REQUIRED: The telephone number by which individuals can speak to the organization or individual.</cntvoice></cntinfo></metc><metd Sync="TRUE">20120807</metd></metainfo><mdLang><languageCode Sync="TRUE" value="eng"></languageCode><countryCode value="AUS" Sync="TRUE"></countryCode></mdLang><mdStanName Sync="TRUE">ISO 19115 Geographic Information - Metadata</mdStanName><mdStanVer Sync="TRUE">DIS_ESRI1.0</mdStanVer><mdChar><CharSetCd Sync="TRUE" value="004"></CharSetCd></mdChar><mdHrLv><ScopeCd Sync="TRUE" value="005"></ScopeCd></mdHrLv><mdHrLvName Sync="TRUE">dataset</mdHrLvName><distinfo><resdesc Sync="TRUE">Downloadable Data</resdesc></distinfo><distInfo><distributor><distorTran><onLineSrc><orDesc Sync="TRUE">002</orDesc><linkage Sync="TRUE">Server=egisdata.env.sa.gov.au; Service=5152; User=conservation; Version=SDE.DEFAULT</linkage><protocol Sync="TRUE">ArcSDE Connection</protocol></onLineSrc></distorTran><distorFormat><formatName Sync="TRUE">SDE Feature Class</formatName></distorFormat></distributor><distFormat><formatName Sync="TRUE">Shapefile</formatName></distFormat><distTranOps><transSize Sync="TRUE">0.000</transSize></distTranOps></distInfo><spdoinfo><direct Sync="TRUE">Vector</direct><ptvctinf><esriterm Name="CONSERVATION_StateMarineParkNW_ZonePnt_GDA94"><efeatyp Sync="TRUE">Simple</efeatyp><efeageom code="1" Sync="TRUE"></efeageom><esritopo Sync="TRUE">FALSE</esritopo><efeacnt Sync="TRUE">0</efeacnt><spindex Sync="TRUE">FALSE</spindex><linrefer Sync="TRUE">FALSE</linrefer></esriterm></ptvctinf></spdoinfo><spref><horizsys><cordsysn><geogcsn Sync="TRUE">GCS_GDA_1994</geogcsn><projcsn Sync="TRUE">GDA_1994_South_Australia_Lambert</projcsn></cordsysn><geodetic><horizdn Sync="TRUE">D_GDA_1994</horizdn><ellips Sync="TRUE">Geodetic Reference System 80</ellips><semiaxis Sync="TRUE">6378137.000000</semiaxis><denflat Sync="TRUE">298.257222</denflat></geodetic></horizsys><vertdef><altsys><altenc Sync="TRUE">Explicit elevation coordinate included with horizontal coordinates</altenc><altres Sync="TRUE">1.000000</altres></altsys></vertdef></spref><refSysInfo><RefSystem><refSysID><identCode Sync="TRUE" code="4283">GDA_1994_South_Australia_Lambert</identCode><idCodeSpace Sync="TRUE">EPSG</idCodeSpace><idVersion Sync="TRUE">8.3.4(3.0.1)</idVersion></refSysID></RefSystem></refSysInfo><spatRepInfo><VectSpatRep><geometObjs Name="CONSERVATION_StateMarineParkNW_ZonePnt_GDA94"><geoObjTyp><GeoObjTypCd value="004" Sync="TRUE"></GeoObjTypCd></geoObjTyp><geoObjCnt Sync="TRUE">0</geoObjCnt></geometObjs><topLvl><TopoLevCd value="001" Sync="TRUE"></TopoLevCd></topLvl></VectSpatRep></spatRepInfo><eainfo><detailed Name="CONSERVATION_StateMarineParkNW_ZonePnt_GDA94"><enttyp><enttypl Sync="TRUE">CONSERVATION_StateMarineParkNW_ZonePnt_GDA94</enttypl><enttypt Sync="TRUE">Feature Class</enttypt><enttypc Sync="TRUE">0</enttypc></enttyp><attr><attrlabl Sync="TRUE">FID</attrlabl><attalias Sync="TRUE">FID</attalias><attrtype Sync="TRUE">OID</attrtype><attwidth Sync="TRUE">4</attwidth><atprecis Sync="TRUE">0</atprecis><attscale Sync="TRUE">0</attscale><attrdef Sync="TRUE">Internal feature number.</attrdef><attrdefs Sync="TRUE">Esri</attrdefs><attrdomv><udom Sync="TRUE">Sequential unique whole numbers that are automatically generated.</udom></attrdomv></attr><attr><attrlabl Sync="TRUE">Shape</attrlabl><attalias Sync="TRUE">Shape</attalias><attrtype Sync="TRUE">Geometry</attrtype><attwidth Sync="TRUE">0</attwidth><atprecis Sync="TRUE">0</atprecis><attscale Sync="TRUE">0</attscale><attrdef Sync="TRUE">Feature geometry.</attrdef><attrdefs Sync="TRUE">ESRI</attrdefs><attrdomv><udom Sync="TRUE">Coordinates defining the features.</udom></attrdomv></attr><attr><attrlabl Sync="TRUE">RESNAME</attrlabl><attalias Sync="TRUE">RESNAME</attalias><attrtype Sync="TRUE">String</attrtype><attwidth Sync="TRUE">50</attwidth><atprecis Sync="TRUE">0</atprecis><attscale Sync="TRUE">0</attscale></attr><attr><attrlabl Sync="TRUE">RESTYPE</attrlabl><attalias Sync="TRUE">RESTYPE</attalias><attrtype Sync="TRUE">String</attrtype><attwidth Sync="TRUE">2</attwidth><atprecis Sync="TRUE">0</atprecis><attscale Sync="TRUE">0</attscale></attr><attr><attrlabl Sync="TRUE">DDM_LONG</attrlabl><attalias Sync="TRUE">DDM_LONG</attalias><attrtype Sync="TRUE">String</attrtype><attwidth Sync="TRUE">20</attwidth><atprecis Sync="TRUE">0</atprecis><attscale Sync="TRUE">0</attscale></attr><attr><attrlabl Sync="TRUE">DDM_LAT</attrlabl><attalias Sync="TRUE">DDM_LAT</attalias><attrtype Sync="TRUE">String</attrtype><attwidth Sync="TRUE">20</attwidth><atprecis Sync="TRUE">0</atprecis><attscale Sync="TRUE">0</attscale></attr><attr><attrlabl Sync="TRUE">RES_NUM</attrlabl><attalias Sync="TRUE">RES_NUM</attalias><attrtype Sync="TRUE">Integer</attrtype><attwidth Sync="TRUE">5</attwidth><atprecis Sync="TRUE">5</atprecis><attscale Sync="TRUE">0</attscale></attr><attr><attrlabl Sync="TRUE">BNDYDEF_LO</attrlabl><attalias Sync="TRUE">BNDYDEF_LO</attalias><attrtype Sync="TRUE">String</attrtype><attwidth Sync="TRUE">20</attwidth><atprecis Sync="TRUE">0</atprecis><attscale Sync="TRUE">0</attscale></attr><attr><attrlabl Sync="TRUE">BNDYDEF_LA</attrlabl><attalias Sync="TRUE">BNDYDEF_LA</attalias><attrtype Sync="TRUE">String</attrtype><attwidth Sync="TRUE">20</attwidth><atprecis Sync="TRUE">0</atprecis><attscale Sync="TRUE">0</attscale></attr></detailed></eainfo><mdDateSt Sync="TRUE">20190131</mdDateSt><dataqual><lineage><procstep><procdesc Sync="TRUE">Dataset copied.</procdesc><srcused Sync="TRUE">\\env\hbspatial\GISWorkspace\CoastMarine\GISData\Geodatabase\MARINE_PARKS_ZONING\Zoning_Outcomes\LAG5_Outcomes.gdb</srcused><procdate Sync="TRUE">20110506</procdate><proctime Sync="TRUE">13484600</proctime></procstep><procstep><procdesc Sync="TRUE">Dataset copied.</procdesc><srcused Sync="TRUE">\\env\hbspatial\GISWorkspace\CoastMarine\GISData\Geodatabase\MARINE_PARKS_ZONING\Zoning_Outcomes\LAG5_Outcomes.gdb</srcused><procdate Sync="TRUE">20110530</procdate><proctime Sync="TRUE">11553800</proctime></procstep><procstep><procdesc Sync="TRUE">Dataset copied.</procdesc><srcused Sync="TRUE">\\env\hbspatial\GISWorkspace\CoastMarine\GISData\Geodatabase\MARINE_PARKS_ZONING\Zoning_Historical\LAG_Advice_2011.gdb</srcused><procdate Sync="TRUE">20120404</procdate><proctime Sync="TRUE">17590700</proctime></procstep><procstep><procdesc Sync="TRUE">Dataset copied.</procdesc><srcused Sync="TRUE">\\ENVNSOA706181\C$\Al_Info\Geodatabases\DENR_Zoning_CONFIDENTIAL.gdb</srcused><procdate Sync="TRUE">20120411</procdate><proctime Sync="TRUE">20580800</proctime></procstep><procstep><procdesc Sync="TRUE">Dataset copied.</procdesc><srcused Sync="TRUE">\\ENVNSOA706181\C$\Al_Info\Geodatabases\Zoning_Outcomes\Stakeholder_Outcomes.gdb</srcused><procdate Sync="TRUE">20120416</procdate><proctime Sync="TRUE">11000800</proctime></procstep><procstep><procdesc Sync="TRUE">Dataset copied.</procdesc><srcused Sync="TRUE">\\env\hbspatial\GISWorkspace\CoastMarine\GISData\Geodatabase\MARINE_PARKS_ZONING\Zoning_2012\Zoning_Edit.gdb</srcused><procdate Sync="TRUE">20120416</procdate><proctime Sync="TRUE">14204500</proctime></procstep><procstep><procdesc Sync="TRUE">Dataset copied.</procdesc><srcused Sync="TRUE">\\env\hbspatial\GISWorkspace\CoastMarine\GISData\Geodatabase\MARINE_PARKS_ZONING\Zoning_2012\Zoning_Edit.gdb</srcused><procdate Sync="TRUE">20120417</procdate><proctime Sync="TRUE">17404400</proctime></procstep><procstep><procdesc Sync="TRUE">Dataset copied.</procdesc><srcused Sync="TRUE">\\env\hbspatial\GISWorkspace\CoastMarine\GISData\Geodatabase\MARINE_PARKS_ZONING\Zoning_2012\Zoning_Edit.gdb</srcused><procdate Sync="TRUE">20120418</procdate><proctime Sync="TRUE">12233100</proctime></procstep><procstep><procdesc Sync="TRUE">Dataset copied.</procdesc><srcused Sync="TRUE">\\env\hbspatial\GISWorkspace\CoastMarine\GISData\Geodatabase\MARINE_PARKS_ZONING\Zoning_2012\Zoning_Edit.gdb</srcused><procdate Sync="TRUE">20120420</procdate><proctime Sync="TRUE">17111400</proctime></procstep><procstep><procdesc Sync="TRUE">Dataset copied.</procdesc><srcused Sync="TRUE">\\env\hbspatial\GISWorkspace\CoastMarine\GISData\Geodatabase\MARINE_PARKS_ZONING\Zoning_2012\Zoning_Edit.gdb</srcused><procdate Sync="TRUE">20120423</procdate><proctime Sync="TRUE">12301000</proctime></procstep><procstep><procdesc Sync="TRUE">Dataset copied.</procdesc><srcused Sync="TRUE">\\env\hbspatial\GISWorkspace\CoastMarine\GISData\Geodatabase\MARINE_PARKS_ZONING\Zoning_2012\Zoning_Edit.gdb</srcused><procdate Sync="TRUE">20120423</procdate><proctime Sync="TRUE">13032400</proctime></procstep><procstep><procdesc Sync="TRUE">Dataset copied.</procdesc><srcused Sync="TRUE">\\env\hbspatial\GISWorkspace\CoastMarine\GISData\Geodatabase\MARINE_PARKS_ZONING\Zoning_2012\Zoning_Edit.gdb</srcused><procdate Sync="TRUE">20120424</procdate><proctime Sync="TRUE">11333400</proctime></procstep><procstep><procdesc Sync="TRUE">Dataset copied.</procdesc><srcused Sync="TRUE">\\env\hbspatial\GISWorkspace\CoastMarine\GISData\Geodatabase\MARINE_PARKS_ZONING\Zoning_2012\Zoning_Edit.gdb</srcused><procdate Sync="TRUE">20120427</procdate><proctime Sync="TRUE">12490900</proctime></procstep><procstep><procdesc Sync="TRUE">Dataset copied.</procdesc><srcused Sync="TRUE">\\env\hbspatial\GISWorkspace\CoastMarine\GISData\Geodatabase\MARINE_PARKS_ZONING\Zoning_2012\BoundaryDefinition.gdb</srcused><procdate Sync="TRUE">20120511</procdate><proctime Sync="TRUE">09185900</proctime></procstep><procstep><procdesc Sync="TRUE">Dataset copied.</procdesc><srcused Sync="TRUE">\\env\hbspatial\GISWorkspace\CoastMarine\GISData\Geodatabase\MARINE_PARKS_ZONING\Zoning_2012\BoundaryDefinition.gdb</srcused><procdate Sync="TRUE">20120518</procdate><proctime Sync="TRUE">14454100</proctime></procstep><procstep><procdesc Sync="TRUE">Dataset copied.</procdesc><srcused Sync="TRUE">\\env\hbspatial\GISWorkspace\CoastMarine\GISData\Geodatabase\MARINE_PARKS_ZONING\Zoning_2012\BoundaryDefinition.gdb</srcused><procdate Sync="TRUE">20120521</procdate><proctime Sync="TRUE">17072500</proctime></procstep><procstep><procdesc Sync="TRUE">Dataset copied.</procdesc><srcused Sync="TRUE">\\env\hbspatial\GISWorkspace\CoastMarine\GISData\Geodatabase\MARINE_PARKS_ZONING\Zoning_2012\BoundaryDefinition.gdb</srcused><procdate Sync="TRUE">20120522</procdate><proctime Sync="TRUE">12093600</proctime></procstep><procstep><procdesc Sync="TRUE">Dataset copied.</procdesc><srcused Sync="TRUE">\\env\hbspatial\GISWorkspace\CoastMarine\GISData\Geodatabase\MARINE_PARKS_ZONING\Zoning_2012\BoundaryDefinition.gdb</srcused><procdate Sync="TRUE">20120529</procdate><proctime Sync="TRUE">09335300</proctime></procstep><procstep><procdesc Sync="TRUE">Dataset copied.</procdesc><srcused Sync="TRUE">\\env\hbspatial\GISWorkspace\CoastMarine\GISData\Geodatabase\MARINE_PARKS_ZONING\Zoning_2012\BoundaryDefinition.gdb</srcused><procdate Sync="TRUE">20120619</procdate><proctime Sync="TRUE">16473200</proctime></procstep><procstep><procdesc Sync="TRUE">Dataset copied.</procdesc><srcused Sync="TRUE">\\env\hbspatial\GISWorkspace\CoastMarine\GISData\Geodatabase\MARINE_PARKS_ZONING\Zoning_2012\BoundaryDefinition.gdb</srcused><procdate Sync="TRUE">20120620</procdate><proctime Sync="TRUE">08302200</proctime></procstep><procstep><procdesc Sync="TRUE">Dataset copied.</procdesc><srcused Sync="TRUE">Server=egisdata.env.sa.gov.au; Service=5152; User=conservation; Version=SDE.DEFAULT</srcused><procdate Sync="TRUE">20120807</procdate><proctime Sync="TRUE">11383800</proctime></procstep><procstep><procdesc Sync="TRUE">Dataset copied.</procdesc><srcused Sync="TRUE">Server=egisdata.env.sa.gov.au; Service=5152; User=conservation; Version=SDE.DEFAULT</srcused><procdate Sync="TRUE">20121205</procdate><proctime Sync="TRUE">11470700</proctime></procstep></lineage></dataqual></metadata>
