<?xml version="1.0" encoding="UTF-8"?>
<metadata xml:lang="en"><Esri><CreaDate>20190205</CreaDate><CreaTime>12243000</CreaTime><ArcGISFormat>1.0</ArcGISFormat><SyncOnce>TRUE</SyncOnce><DataProperties><lineage><Process ToolSource="c:\program files (x86)\arcgis\desktop10.6\ArcToolbox\Toolboxes\Conversion Tools.tbx\LayerToKML" Date="20190205" Time="122430">LayerToKML CONSERVATION_StateMarineParkNW_ZonePnt_GDA2020_lyr D:\WorkSpace\DEWNRDownload\CONSERVATION_StateMarineParkNW_ZonePnt_kmz\CONSERVATION_StateMarineParkNW_ZonePnt_GDA2020.kmz 0 NO_COMPOSITE # 1024 96 CLAMPED_TO_GROUND</Process></lineage></DataProperties></Esri></metadata>
